{
    "cameraCeilingHeight": 2.080000000000001,
    "cameraHeight": 2.8000000000000007,
    "layoutHeight": 4.880000000000002,
    "layoutObj2ds": {
        "num": 3,
        "obj2ds": [
            {
                "coords": [
                    [
                        0.20954045691089132,
                        0
                    ],
                    [
                        0.6857624608659174,
                        0.845401240612333
                    ]
                ],
                "id": 90,
                "points": [
                    [
                        2.622451620013629,
                        2.080000000000001,
                        2.3120021057769797
                    ],
                    [
                        -0.45988581224685365,
                        -2.0455580541881857,
                        2.3120021057769797
                    ]
                ],
                "wallIdx": 7,
                "width": 3.082337432260483
            },
            {
                "coords": [
                    [
                        0.1999403532737981,
                        0.17408648440975363
                    ],
                    [
                        0.9624397410826848,
                        1
                    ]
                ],
                "id": 91,
                "points": [
                    [
                        -0.726541003238817,
                        1.230457956080403,
                        -8.518406362861588
                    ],
                    [
                        0.9517289308470005,
                        -2.8000000000000007,
                        -8.518406362861588
                    ]
                ],
                "wallIdx": 3,
                "width": 1.6782699340858174
            },
            {
                "coords": [
                    [
                        0.11609718640073133,
                        0.23557774328416092
                    ],
                    [
                        1,
                        0.9261346000649401
                    ]
                ],
                "id": 92,
                "points": [
                    [
                        1.3762242719372133,
                        0.9303806127732953,
                        -4.036857634567109
                    ],
                    [
                        3.9786980524451736,
                        -2.439536848316908,
                        -4.036857634567109
                    ]
                ],
                "wallIdx": 5,
                "width": 2.6024737805079603
            }
        ]
    },
    "layoutPoints": {
        "num": 8,
        "points": [
            {
                "coords": [
                    0.13101720463315575,
                    0.5
                ],
                "id": 51325,
                "xyz": [
                    -2.493782023363283,
                    0.0,
                    2.3120021057769797
                ]
            },
            {
                "coords": [
                    0.43854688868469527,
                    0.5
                ],
                "id": 51326,
                "xyz": [
                    -2.493782023363283,
                    0.0,
                    -6.13434221419503
                ]
            },
            {
                "coords": [
                    0.47008953941225323,
                    0.4774089648738739
                ],
                "id": 52079,
                "xyz": [
                    -1.166612023458463,
                    0.44391415932746353,
                    -6.13434221419503
                ]
            },
            {
                "coords": [
                    0.4783381841584728,
                    0.48358010921695316
                ],
                "id": 52080,
                "xyz": [
                    -1.166612023458463,
                    0.44391415932746353,
                    -8.518406362861588
                ]
            },
            {
                "coords": [
                    0.5192321998351833,
                    0.5
                ],
                "id": 51327,
                "xyz": [
                    1.034399493296302,
                    0.0,
                    -8.518406362861588
                ]
            },
            {
                "coords": [
                    0.5399227102092272,
                    0.5
                ],
                "id": 51328,
                "xyz": [
                    1.034399493296302,
                    0.0,
                    -4.036857634567109
                ]
            },
            {
                "coords": [
                    0.623845217610792,
                    0.5
                ],
                "id": 51329,
                "xyz": [
                    3.9786980524451736,
                    0.0,
                    -4.036857634567109
                ]
            },
            {
                "coords": [
                    0.8337796196188653,
                    0.5
                ],
                "id": 51330,
                "xyz": [
                    3.9786980524451736,
                    0.0,
                    2.3120021057769797
                ]
            }
        ]
    },
    "layoutWalls": {
        "num": 8,
        "walls": [
            {
                "id": 333,
                "normal": [
                    -1.0,
                    -0.0,
                    -0.0
                ],
                "planeEquation": [
                    -1.0,
                    -0.0,
                    -0.0,
                    -2.493782023363283
                ],
                "pointsIdx": [
                    0,
                    1
                ],
                "width": 8.44634431997201
            },
            {
                "id": 334,
                "normal": [
                    0.0,
                    0.0,
                    -1.0
                ],
                "planeEquation": [
                    0.0,
                    0.0,
                    -1.0,
                    -6.13434221419503
                ],
                "pointsIdx": [
                    1,
                    2
                ],
                "width": 1.3271699999048199
            },
            {
                "id": 335,
                "normal": [
                    -1.0,
                    -0.0,
                    -0.0
                ],
                "planeEquation": [
                    -1.0,
                    -0.0,
                    -0.0,
                    -1.166612023458463
                ],
                "pointsIdx": [
                    2,
                    3
                ],
                "width": 2.3840641486665586
            },
            {
                "id": 336,
                "normal": [
                    0.0,
                    0.0,
                    -1.0
                ],
                "planeEquation": [
                    0.0,
                    0.0,
                    -1.0,
                    -8.518406362861588
                ],
                "pointsIdx": [
                    3,
                    4
                ],
                "width": 2.201011516754765
            },
            {
                "id": 337,
                "normal": [
                    1.0,
                    0.0,
                    -0.0
                ],
                "planeEquation": [
                    1.0,
                    0.0,
                    -0.0,
                    -1.034399493296302
                ],
                "pointsIdx": [
                    4,
                    5
                ],
                "width": 4.481548728294479
            },
            {
                "id": 338,
                "normal": [
                    0.0,
                    0.0,
                    -1.0
                ],
                "planeEquation": [
                    0.0,
                    0.0,
                    -1.0,
                    -4.036857634567109
                ],
                "pointsIdx": [
                    5,
                    6
                ],
                "width": 2.9442985591488715
            },
            {
                "id": 339,
                "normal": [
                    1.0,
                    0.0,
                    -0.0
                ],
                "planeEquation": [
                    1.0,
                    0.0,
                    -0.0,
                    -3.9786980524451736
                ],
                "pointsIdx": [
                    6,
                    7
                ],
                "width": 6.348859740344089
            },
            {
                "id": 340,
                "normal": [
                    0.0,
                    0.0,
                    1.0
                ],
                "planeEquation": [
                    0.0,
                    0.0,
                    1.0,
                    -2.3120021057769797
                ],
                "pointsIdx": [
                    7,
                    0
                ],
                "width": 6.472480075808456
            }
        ]
    },
    "panoId": "E:/Fu-En.Wang/Data/sun360_all/All/pano_aaztihqxgckbtu/color.png",
    "userName": "sunda yang"
}
